<?xml version="1.0" encoding="UTF-8"?>
<project-private xmlns="http://www.netbeans.org/ns/project-private/1">
    <open-files xmlns="http://www.netbeans.org/ns/projectui-open-files/1">
        <file>file:/C:/Documents%20and%20Settings/Dave/My%20Documents/Dave%20Java/GRAPHICS%20TEMP/GUIFormExamples/readme.txt</file>
        <file>file:/C:/Documents%20and%20Settings/Dave/My%20Documents/Dave%20Java/GRAPHICS%20TEMP/GUIFormExamples/src/examples/Antenna.java</file>
        <file>file:/C:/Documents%20and%20Settings/Dave/My%20Documents/Dave%20Java/GRAPHICS%20TEMP/GUIFormExamples/src/examples/ContactEditor.java</file>
        <file>file:/C:/Documents%20and%20Settings/Dave/My%20Documents/Dave%20Java/GRAPHICS%20TEMP/GUIFormExamples/src/examples/Find.java</file>
    </open-files>
</project-private>
