<?xml version="1.0" encoding="UTF-8"?>
<project-private xmlns="http://www.netbeans.org/ns/project-private/1">
    <editor-bookmarks xmlns="http://www.netbeans.org/ns/editor-bookmarks/1"/>
    <open-files xmlns="http://www.netbeans.org/ns/projectui-open-files/1">
        <file>file:/C:/Documents%20and%20Settings/Dave/My%20Documents/Dave%20Java/Lecture%20Code%20Examples/Arrays/src/arrays/Main.java</file>
        <file>file:/C:/Documents%20and%20Settings/Dave/My%20Documents/Dave%20Java/Lecture%20Code%20Examples/Arrays/src/arrays/address.java</file>
        <file>file:/C:/Documents%20and%20Settings/Dave/My%20Documents/Dave%20Java/Lecture%20Code%20Examples/Arrays/src/arrays/findAddress.java</file>
    </open-files>
</project-private>
